{"loss": [1.6018798351287842, 0.5431918501853943, 0.324372798204422, 0.2251354604959488, 0.16886146366596222, 0.1322557032108307, 0.10612301528453827, 0.09108682721853256, 0.08030101656913757, 0.06683076918125153], "accuracy": [0.5409157276153564, 0.8290696740150452, 0.8965052366256714, 0.926936686038971, 0.9435975551605225, 0.9556589722633362, 0.9642048478126526, 0.9700688123703003, 0.9736538529396057, 0.9777808785438538], "val_loss": [0.6054195165634155, 0.36980706453323364, 0.23472000658512115, 0.20946723222732544, 0.21415124833583832, 0.27625712752342224, 0.1713518500328064, 0.13231177628040314, 0.12415149807929993, 0.20163117349147797], "val_accuracy": [0.8081099987030029, 0.8800085783004761, 0.9260150790214539, 0.9293853044509888, 0.93034827709198, 0.9185791611671448, 0.948857843875885, 0.9588615894317627, 0.9635692238807678, 0.9394960403442383]}