{"loss": [0.18184533715248108], "accuracy": [0.9398735761642456], "val_loss": [0.2204158455133438], "val_accuracy": [0.9264965653419495]}